pair_id,id_a,id_b,annotator_1,annotator_2,annotator_3,rationale_1,rationale_2,rationale_3
p000,nm95464ae5,nm4a8e89da,2,2,2,"Both list identical units on data structures (arrays, stacks, queues, linked lists, trees, graphs, searching, sorting, hashing) with the same objectives.","Same objectives and identical six units (arrays, stacks, queues, linked lists, trees, graphs, searching, sorting and hashing) with near-verbatim text; only credits and the outcome wording differ.","Every unit (data structures intro, arrays/stacks/queues, linked lists, trees, graphs, searching/sorting/hashing) is identical, and the objectives match."
p001,nm30d94cc2,nm92de428e,0,0,0,"A mechatronics project phase (literature survey, weekly reports, presentation) has nothing in common with civil construction topics such as excavation, masonry and concreting.","A mechatronics project-phase course (group formation, literature survey, reports, presentation) versus civil construction technology (excavation, foundation, masonry, concrete, flooring); nothing in common.","A generic project literature survey and reporting course versus construction activities (excavation, masonry, concrete, floors) share no topics."
p002,nme316ac0a,nm93403567,2,2,2,"Identical objectives, outcomes and all six units on rehabilitation, NDT testing, structural evaluation, repair materials, repair methods and guidelines.","Identical repair and rehabilitation of structures syllabi: same objectives, NDT testing, repair materials, rehabilitation methods and guidelines units.","Objectives, outcomes and all six units (rehabilitation, NDT/destructive testing, structural evaluation, repair materials, repair methods, guidelines) are word-for-word identical."
p003,nmfe80a959,nmddeb752d,2,2,2,"Risk fundamentals, risk assessment, risk management planning, BIA, BCP/DRP and risk frameworks (NIST, OCTAVE, ISO 27000, FAIR) are near-verbatim identical; only one added resilience unit differs.","Six of seven units are near-verbatim identical (risk fundamentals, assessment, planning, BIA, BCP/DRP, frameworks); the cybersecurity course only adds a resilience and decision-making unit.","Six of seven units are identical (risk fundamentals, assessment, planning, BIA, BCP/DRP, frameworks such as NIST RMF, OCTAVE, FAIR); the cybersecurity course adds only a resilience unit."
p004,nmbdcfbe0d,nm55550612,0,0,0,"Communication skills (culture, report writing, professional networking, speeches) versus IoT architectures, protocols, cloud and Raspberry Pi; unrelated content.","IoT architectures, protocols, cloud and Raspberry Pi versus culture, academic writing and professional communication share nothing beyond generic vocabulary.","IoT architectures, protocols, cloud and Raspberry Pi versus written/oral, intercultural and professional communication skills; no shared content."
p005,nmc8309c33,nma5e43288,0,0,0,"Project management (planning, PERT/CPM, budgeting, risk) versus engineering graphics (orthographic and isometric projections, AutoCAD) are unrelated.","Project management (planning, scheduling, PERT/CPM, risk, cost) versus engineering drawing and projections; no shared topics.","Engineering drawing projections versus project management (planning, PERT/CPM, budgeting, risk); no shared content."
p006,nm11a03725,nm45f75ed9,0,0,0,"Software project management (planning, estimation, risk, quality) versus 8086/8051 microprocessor architecture and assembly programming have no topical overlap.","8086/8051 microprocessor architecture and assembly programming versus software project management (estimation, scheduling, contracts, quality) share nothing.","Software project management (estimation, PERT, risk, quality) versus 8086/8051 microprocessor architecture and assembly programming; different subject matter."
p007,nm2f0a3b97,nm5a6d4d60,0,0,0,"Climate science, paleoclimate, policy and mitigation versus industrial robotics, cognitive AI, ROS and Python/R are different subjects.","Industrial and cognitive robotics (ROS, Python/R, RPA, vision) versus climate science, paleoclimate and climate policy; no shared topics.","Climate science, paleo-climate, climate policy and mitigation versus industrial and cognitive robotics (RPA, computer vision, ROS, Python/R); no topical overlap."
p008,nm01ca09a3,nm7271db71,2,2,2,"Fourier series, Fourier transform and Laplace transform units and outcomes are nearly identical; Transforms and Series adds only Z-transforms, so Integral Transforms is almost fully covered.","Integral Transforms (Fourier series, Fourier transform, Laplace transform) is entirely covered by Transforms and Series, which adds only Z-transforms.","Integral Transforms' Fourier series, Fourier transform and Laplace units are all in Transforms and Series, which only adds Z-transforms."
p009,nm87a9f872,nmfc3b7565,0,0,0,"Multivariate statistics (PCA, factor and cluster analysis, Python) versus business calculus (derivatives, integrals, optimization); at most generic regression and least-squares vocabulary.","Multivariate statistics (MVN, regression, PCA, factor and cluster analysis) versus business calculus (derivatives, integrals, Lagrange optimization, ODEs) overlap only marginally, in least squares and optimization vocabulary.","Business calculus (derivatives, integration, Lagrange optimization, ODEs) versus multivariate statistics (MVN, regression, PCA, factor and cluster analysis, Python); only generic mathematical vocabulary in common."
p010,nm8ba70d49,nm329813fc,0,0,0,"Corporate finance (dividends, restructuring, working capital, derivatives) versus innovation and IPR/entrepreneurship share only incidental financing vocabulary.","Corporate finance (dividends, restructuring, working capital, derivatives) versus innovation, entrepreneurship and IPR; only a small overlap in financing/valuation of startups.","Corporate finance (dividends, restructuring, working capital, derivatives) versus innovation, entrepreneurship and IPR; only a passing mention of startup financing in common."
p011,nmc3ca1e90,nmba0b932b,0,0,0,A project-phase implementation/reporting course versus CAD/CAM/CNC/CIM technical content; only generic project vocabulary in common.,"A mechatronics project implementation/testing phase (weekly reports, final report, presentation) versus CAD/CAM/CIM (geometric modeling, CNC programming, group technology, CIM); different content.","CAD/CAM/CIM (geometric modeling, CNC, group technology, CIM) versus a generic project phase (implementation, weekly reports, presentation) share no subject content."
p012,nm556b28f7,nm27e2839f,0,0,0,"Additive manufacturing processes and DfAM versus project management (scheduling, budgeting, risk) do not overlap beyond generic engineering context.","General project management (planning, cost, risk, evaluation) versus additive manufacturing technologies (extrusion, vat polymerization, DfAM) are different subject matter.","Project management (scheduling, cost budgeting, risk, evaluation) and Additive Manufacturing (AM processes, DfAM, post-processing, applications) are unrelated subject matter."
p013,nm78439ba3,nm6ee26e89,0,0,0,"Smart antennas, beamforming and DOA estimation versus polymer chemistry and polymerization techniques are unrelated.","Polymer chemistry and characterization versus smart antennas, beamforming and DOA estimation are unrelated subjects.","Polymer science (polymerization, structure-property, characterization) versus antenna arrays, DOA estimation and beamforming; no shared topics."
p014,nmbd7e913b,nmd07181aa,0,0,0,"Renewable energy technologies (solar, PV, wind, storage) versus applied thermodynamics (compressors, boilers, turbines, refrigeration, IC engines); different unit content despite both being energy-related.","Compressors, boilers, nozzles, refrigeration and IC engines versus renewable energy (solar, wind, storage); both are energy topics but the unit content does not overlap.","Air compressors, steam plant, refrigeration and IC engines versus renewable energy (solar, PV, wind, storage); both are energy-related but no unit topics are shared."
p015,nm23694359,nm363a5ab2,0,0,0,"Data wrangling, ETL and data warehousing versus object-oriented programming lab (classes, inheritance, exceptions, generics); different subject matter.","Data Wrangling (ETL, data cleaning, data warehousing) and an Object Oriented Programming Lab (classes, inheritance, exceptions, generics) cover unrelated content.","Object-oriented programming lab (classes, inheritance, exceptions, generics) versus data wrangling and warehousing (ETL, tidy data, dimensional modelling); no topical overlap."
p016,nmba0afc10,nmca5525cc,0,0,0,"Marketing analytics (segmentation, CLV, conjoint, pricing) versus forensic science (fingerprints, instrumental methods, digital forensics) have no meaningful overlap.","Forensic science (fingerprints, forensic chemistry, digital forensics) versus marketing analytics (segmentation, CLV, pricing); no meaningful topic overlap.","Marketing response models, segmentation, CLV and pricing versus forensic psychology, fingerprints, forensic chemistry and digital forensics; no shared content."
p017,nm1f157dcf,nm23694359,2,2,2,"Same objectives, outcomes and all seven units (data science toolbox, getting/cleaning data, data warehousing, dimensional modelling, ETL, decision trees/Bayes) are identical.","Objectives, outcomes and all seven units (data scientist's toolbox, getting/cleaning data, warehousing, dimensional modelling, ETL, decision trees/frequent itemsets) are essentially identical.","Identical objectives, outcomes and all seven units (data science toolbox, data cleaning, warehousing, dimensional modelling, ETL process) in both courses."
p018,nm65c9fa32,nmaa0722da,0,0,0,"Automata theory, CFG, PDA and Turing machines versus data mining, preprocessing, association rules, regression and time series; no shared topics.","Data mining, regression and time series versus automata theory, grammars and Turing machines; different subject matter.","Automata theory, grammars, PDA and Turing machines versus data mining, regression and time series analysis; different subject matter."
p019,nm7536253b,nmb1a95e04,0,0,0,Lathe machining practical jobs versus gear and bearing design theory; both mechanical but no shared topics.,"Design of gears and bearings versus lathe machining practice (turning, threading, boring); different subject and mode.",Gear and bearing design calculations versus hands-on lathe turning jobs; different subject and mode with no shared topics.
p020,nmc4d6ebbe,nm3750a0e0,2,2,2,"Same title, objectives and all seven units are the same (Laplace transform, mechanical, transfer-function, state-space, electrical, fluid and thermal systems modeling with MATLAB).","Same objectives and identical unit list (Laplace transform, mechanical systems, transfer-function and state-space modelling with MATLAB, electrical, fluid and thermal systems).","All seven units are identical (system dynamics, Laplace transform, mechanical, transfer function, state space, electrical/electromechanical, fluid/thermal systems) with the same objectives."
p021,nm2f8e9411,nm042db637,2,2,2,"Same objectives and the same topics (refrigeration methods, COP, air refrigeration, vapor compression, psychrometry, air conditioning); the first course's unit list is a subset of the second course's.","Both have the same objectives and refrigeration and air-conditioning units (Carnot/COP, vapour compression, air refrigeration, psychrometry); Course 1's listed units are a subset of Course 2's full coverage.","Same objectives and the same refrigeration/air-conditioning units (Carnot refrigerator, COP, TR, EER, aircraft refrigeration, vapour compression, applications) with near-verbatim text; the second listing is only truncated."
p022,nm90f0144f,nmc5b8a4a1,0,0,0,"IoT security threats and countermeasures versus research process, literature review and technical writing are unrelated.","Research methodology (literature review, hypothesis, technical writing, research ethics) versus IoT security (IoT technologies, threats, countermeasures); different subject matter.","IoT security threats and countermeasures versus general research methodology (literature review, technical writing, ethics) do not overlap."
p023,nm14449afe,nma2698ced,0,0,0,"FACTS, static compensators and harmonics mitigation in power systems versus wireless sensor network protocols, localization and security; different subjects.","Wireless sensor network protocols, localization and security versus FACTS devices, load compensation and harmonics mitigation in power systems; unrelated content.","FACTS, load compensation and harmonics in power systems versus wireless sensor network layers, localization and security are unrelated."
p024,nmc8309c33,nm574805d9,2,2,2,"Both cover the same project management topics (planning, scheduling with PERT/CPM, cost estimating, risk, control, evaluation, organization) with identical objectives and outcomes; units merely regrouped.","Identical objectives and outcomes, and the unit topics (planning, scheduling, PERT/CPM, budgeting, risk, control, evaluation, organization) are the same, only regrouped into fewer units.","Both cover the same project management content (planning, WBS, scheduling, PERT/CPM, costing, risk, control, evaluation, organization) with identical objectives and outcomes, only units merged differently."
p025,nmce8964df,nm48c6dd41,2,2,2,"Identical objectives, outcomes and all five units on fuels theory, testing, combustion and fuel rating, lubrication theory and lubricants.","All five units (fuel theory, fuel testing, combustion and rating, theory of lubrication, lubricants) and objectives are identical text, the same course offered to a different program.","Same five units on fuel theory, fuel testing, combustion and octane/cetane rating, lubrication theory and lubricants with the same outcomes."
p026,nm671e6be6,nmf0b7369a,0,0,0,"Engineering drawing (projections, sections, isometric views) versus open channel hydraulics (gradually varied flow, hydraulic jump, surges) share no topics.","Engineering Graphics (projections, sections, isometric drawing) and Open Channel Flow (gradually varied flow, hydraulic jump, surges) have no shared topics.","Engineering drawing (projections, sections, isometric views) versus open channel hydraulics (GVF, hydraulic jump, surges); no shared topics."
p027,nmb88364b0,nmfdbf78ee,0,0,0,"Bio-mimicry design and 3-D printing versus recommender systems (collaborative filtering, matrix factorization, evaluation) are different subjects.","Biomimicry design and 3-D printed bio-inspired models versus recommender systems (collaborative filtering, matrix factorization, evaluation) have no shared content.","Recommender systems (collaborative filtering, matrix factorization, evaluation) versus bio-mimicry design and 3-D printing share no topics."
p028,nm0bc2227e,nm2fd57c39,0,0,0,"Industrial waste treatment (wastewater, solid waste, emissions) versus introductory biology (genetics, biomolecules, enzymes, microbiology) share no topics.","Industrial wastewater, solid waste and emission management versus basic biology (genetics, enzymes, biomolecules, microbiology) are unrelated subject matter.","Elements of Biology (genetics, enzymes, biomolecules, metabolism) and Industrial Waste Management (wastewater, solid waste, emissions) differ in subject; only a marginal link via microbiology and biological treatment."
p029,nmc4ba84df,nm88cbb784,2,2,2,"The two syllabi are nearly identical unit by unit (FDM, SLA, LOM, SLS, binder and material jetting, DED, DfAM), with 3D printing used as a synonym for additive manufacturing.","Additive Manufacturing and 3-D Printing Technology have the same eight units (extrusion, vat polymerization, sheet lamination, powder bed fusion, binder/material jetting, DED, DfAM) and the same outcomes, differing only in terminology.","The 3-D Printing course mirrors Additive Manufacturing almost verbatim: the same eight units (introduction, FDM extrusion, vat polymerization, sheet lamination, powder bed fusion, binder/material jetting, DED, DfAM), with 3DP substituted for AM and near-identical objectives and outcomes."
p030,nmed347122,nmd98262e6,2,2,2,"Objectives, outcomes and all six units (natural resources, ecosystems, biodiversity, pollution, climate change) are essentially identical.","Environmental Science syllabi have identical objectives and six identical units (natural resources, ecosystems, biodiversity, pollution, climate change); only one extra outcome on individual conservation differs.","Identical objectives and six identical units (natural resources, ecosystems, biodiversity, pollution, climate change) with the same text."
p031,nm1629e65a,nmd01427c6,0,0,0,"Operations research (LP, transportation, game theory, queuing) versus advanced manufacturing (surface treatment, advanced casting, non-traditional machining) have no shared topics.","Advanced manufacturing processes (casting, welding, non-traditional machining) versus operations research (LP, transportation, queuing, simulation) share no meaningful topics.","Advanced casting, welding, non-traditional machining and additive manufacturing versus linear programming, transportation, game theory and queuing; different subject matter."
p032,nm6cdd1e95,nm87596f2c,2,2,2,"Identical objectives and outcomes, and nearly all of course 1's units (design process, unity, emphasis, scale/proportion, balance, rhythm, design elements) are covered by course 2's design process, elements and principles units, though course 2 adds ergonomics and design management.","Identical outcomes, and nearly all of Design an Art for Consumers (design process, elements such as line/shape/texture/colour, unity, emphasis, balance, proportion, rhythm) is covered by Design for Consumers, which only adds ergonomics and design management.","Course 1's design process, design elements and principles (unity, emphasis, scale/proportion, balance, rhythm) are all covered in Course 2, which adds ergonomics, product design and design management."
p033,nm0f86adea,nm9e21c918,2,2,2,"Both cover number systems and codes, logic gates, Boolean algebra and K-maps, combinational circuits, flip-flops and registers, so most of Digital Logic Design is in Digital Electronics; only VHDL and memories/counters differ.","Both cover number systems and codes, logic gates and Boolean algebra, K-maps, combinational circuits, flip-flops, counters and registers; the differences are memories in one and VHDL in the other.","Number systems and codes, logic gates, Boolean algebra/K-maps, combinational and sequential circuits, flip-flops and registers are shared almost verbatim; differences are only VHDL (one) versus counters and memories (other)."
p034,nma5e43288,nmf0b7369a,2,2,2,"Engineering Graphics and Design (projections of lines, planes, solids, orthographic and isometric views) is almost entirely a subset of the longer Engineering Graphics course with the same objectives.","Course 2 (projections of lines, planes, solids, orthographic and isometric projections, AutoCAD) is almost entirely contained in Course 1, which adds only curves, sections and development.","Both cover projections of lines, planes and regular solids, orthographic and isometric projections with AutoCAD; the second course is essentially a reduced subset of the first, which additionally has sections/development."
p035,nmfb87dfa7,nm307d818b,0,0,0,"Cost/management accounting (cost sheets, CVP, variances, budgeting) versus an EXTC minor project with no topic units; no shared subject matter.","Cost/management accounting (cost sheets, marginal costing, variances, budgeting) versus an EXTC design/implementation minor project; no shared subject matter.","Management Accounting (cost sheets, marginal costing, variances, budgeting) versus a circuit/electronics minor project with no topic list; no shared content."
p036,nmba0b932b,nmf228b343,0,0,0,"A mechatronics capstone project phase (implementation, testing, reports, presentation) versus production management (plant layout, PPC, inventory, quality) differ in subject matter.","Production management (PPC, inventory, quality, plant layout) versus a mechatronics project phase (implementation, weekly reports, presentation) share no subject content.","Production planning, inventory, plant layout and quality control versus a generic capstone project phase; no shared topics."
p037,nmd249a6fc,nme267f686,2,2,2,"Both share the same introduction, reconnaissance and scanning, exploitation (password cracking, SQLi, OWASP top 10, wireless) and legal/ethical/reporting units with identical outcomes; Ethical Hacking only adds a mobile-hacking unit.","Identical objectives and outcomes, and units on introduction/methodologies, reconnaissance and scanning, exploitation and legal/ethical issues and report writing are near-verbatim; Course 2 only adds a mobile hacking unit and a case study.","Nearly identical outcomes and units (intro/ethics/methodologies, reconnaissance and scanning, exploitation, legal and ethical issues); Ethical Hacking only adds a mobile-hacking unit."
p038,nmf40c9a07,nm7368a209,0,0,0,"Quantum algorithms, QKD and post-quantum cryptography versus I/O psychology (job analysis, selection, motivation) are unrelated subjects.","Industrial and organizational psychology (job analysis, motivation, leadership) versus quantum computing (algorithms, QKD, post-quantum cryptography); no overlap.",Industrial/organizational psychology and HR topics versus quantum computing and quantum cryptography; no overlap.
p039,nm8971db3c,nmf8001d4e,0,0,0,Python/NumPy/pandas data analysis and visualization versus literary study of short fiction; no meaningful overlap.,Python/NumPy/Pandas data analysis versus literary analysis of short stories; no shared subject matter.,Literary analysis of short stories versus Python/NumPy/Pandas data analysis; no shared subject matter.
p040,nm411864d8,nm17c3dea6,2,2,2,"Both cover number systems, Boolean/combinational simplification (K-maps, SOP/POS, mux/decoders), flip-flops, computer arithmetic (Booth), CPU/instruction basics, memory hierarchy/cache and I/O (interrupts, DMA); only the ISA flavor (x86 vs MIPS/RISC-CISC) differs.","Both cover Boolean algebra and K-maps, combinational and sequential circuits, computer arithmetic (Booth, floating point), CPU/instruction sets, memory hierarchy and cache, and I/O (interrupts, DMA) in nearly the same sequence.","Both cover number systems, Boolean and combinational/sequential logic, computer arithmetic (Booth, floating point), CPU and instruction sets, memory hierarchy and I/O (interrupts, DMA) in near one-to-one units."
p041,nmc9b13c91,nm52ced7a4,2,2,2,"Course 2's main units (intro to big data, Hadoop/Cassandra setup, MapReduce, ranking, community detection, social media and text mining, search engine) are all in Course 1; only Pig/Hive/MongoDB/Spark differ.","Big Data's units (Hadoop/Cassandra setup, MapReduce, ranking, community detection, visualization, social media and text mining, search engine) are nearly all covered by Big Data and Hadoop, which adds Hadoop security and cloud; only Pig/Hive/MongoDB/Spark is extra.","Both cover big data processing with Hadoop/Cassandra, MapReduce, ranking, community detection, social media mining, text mining and search engines with near-verbatim units; Big Data and Hadoop covers essentially all of the other course and adds security and cloud."
p042,nm7840652d,nmfee0ec0d,0,0,0,"A seminar or literature-review project has no overlap with the hands-on machine-shop operations (lathe, milling, CNC demonstration) in Course 2.","Machine Shop II covers hands-on machining (lathe, milling, grinding, CNC) while Project Part I is a seminar/literature review and presentation course, so there is no topical overlap.","Hands-on machine shop operations (lathe, milling, grinding, CNC) versus a seminar and literature-review project; different subject matter."
p043,nm024126ff,nm89ef493a,2,2,2,"All eight units (cryptography, consensus, smart contracts, use cases, Ethereum/Hyperledger, application development) and the outcomes are identical, so the courses are redundant.","Identical blockchain syllabi: same cryptography, consensus, smart contracts, use cases, Ethereum/Hyperledger platforms and application development units.","Identical objectives, outcomes and all eight blockchain units (cryptography, consensus, smart contracts, Ethereum/Hyperledger development)."
p044,nm4cc25deb,nm678c93bc,0,0,0,"Marketing strategy and consumer analytics versus modulation, coding and spread spectrum in communications have no shared topics.","Analog and digital modulation, coding and spread spectrum versus marketing strategy, segmentation and consumer analytics are unrelated subjects.","Analog/digital modulation, coding and spread spectrum versus marketing strategy and consumer analytics; entirely different subject matter."
p045,nm05b5b247,nm7a8760af,2,2,2,"Both cover IoT fundamentals, IoT vs M2M with SDN/NFV, design methodology, security and privacy, and the same list of application domains; only cloud/data analytics versus protocols differ.","Both cover IoT fundamentals, IoT vs M2M with SDN/NFV, the same list of IoT application domains, design methodology and IoT security/privacy, so most content is shared.","Both cover IoT fundamentals, M2M vs IoT with SDN/NFV, an identical applications list, IoT design methodology, and security/privacy; only IoT protocols in Course 2 are largely absent from Course 1."
p046,nm0e0dfc2f,nm3c22ae40,0,0,0,"Product design and development (QFD, concept generation, DFX) versus manufacturing automation and sensors have different content; only minor incidental overlap such as prototyping and layout.","Manufacturing automation (sensors, AGVs, programmable automation) versus product design methodology (QFD, DFX, concept generation) share no topics.","Automation and sensors/material handling versus product design methodology (QFD, DFX, concept generation); only generic manufacturing context is shared."
p047,nm54b9e545,nm065fc545,0,0,0,Groundwater hydrology and contaminant transport modelling versus Unity mobile game development; unrelated.,Unity mobile game development and AR has nothing in common with groundwater hydrology and contaminant transport modelling.,"Groundwater hydrology and contaminant modelling versus Unity game development, graphics and AR share no topics."
p048,nm624491c4,nm9d8c41ec,2,2,2,"Four of six units (strategic framework, supply chain network design, warehouse and transportation, IT in supply chain) are essentially identical, and materials/inventory management is also shared; only production concepts and logistics dimensions differ.","Four of the six units of the first course (strategic framework, network design, warehouse and transportation, IT in supply chain) are identical in the second, and material management overlaps with the second course's material and inventory management; only logistics dimensions are unmatched.","Four units are the same (strategic framework, supply chain network design, warehouse/transportation, IT in supply chain) and material/inventory management is also covered by both; only logistics dimensions and production concepts differ."
p049,nm1bb9e98b,nmfd5b41a1,2,2,2,"Microeconomics units (demand and supply, utility, production and cost, market structures) are covered in the first four units of Course 1, so most of Course 2 is redundant; Course 1 adds management and Course 2 adds pricing and game theory.","Microeconomics units 1-4 (scarcity, demand-supply, utility, production and costs, market structures) are nearly verbatim in Principles of Economics and Management, so Microeconomics is mostly covered; only pricing/game theory is unique to it, while the other course adds management.","Microeconomics units (scarcity, demand-supply, utility, production and costs, market structures) appear identically in Principles of Economics and Management, which merely adds management functions."
p050,nm48af830b,nmb48b228d,2,2,2,"Both cover supply chain strategic framework and network, SCOR/AHP/TOPSIS modelling, warehouse management, and demand forecasting/bullwhip/inventory analytics with near-identical objectives; only the IT-in-supply-chain unit and a few extra topics differ.","Both share the strategic framework and supply chain stages, SCOR-based modeling, supplier selection, AHP/TOPSIS, demand forecasting, bullwhip effect and inventory management, with matching objectives; Course 2 is a condensed version with an added IT-in-supply-chain unit.","Both cover supply chain strategic framework, SCOR-based modelling with AHP/TOPSIS, demand forecasting, bullwhip effect and inventory management, with identical objectives; only IT-in-SC versus network/warehouse details differ."
p051,nm0e4a0b82,nm01ca09a3,2,2,2,"Laplace transform, Fourier series and Fourier transform units are near-identical in both courses; only the Z-transform unit in Mathematics-III is absent from Integral Transforms.","Integral Transforms (Fourier series, Fourier transform, Laplace transform) is fully covered by Mathematics-III, which only adds Z-transforms.","All three Integral Transforms units (Fourier series, Fourier transform, Laplace transform) appear in Mathematics-III, which only adds Z-transforms."
p052,nm9fe240f5,nm5091cda4,0,0,0,"AI/ML techniques for cybersecurity versus UI/UX design, user research and design thinking share no topics.","UI/UX design (personas, usability evaluation, design thinking, portfolio) versus AI/ML for cybersecurity (feature engineering, supervised/unsupervised learning, neural networks); no shared subject matter.","Machine learning and neural networks for cybersecurity versus UI/UX design, usability and design thinking; no shared topics."
p053,nmf2f15b4a,nm02912afd,2,2,2,"Same outcomes and nearly identical units on robot fundamentals, motion control, kinematics, analysis (DH, HCT), Jacobians and modeling/simulation; differences are small (PID variant, dynamic modelling unit).","Both cover the same units (DC motor modeling, PID motion control, forward/inverse kinematics, Denavit-Hartenberg, Jacobians, modeling and simulation) with identical outcomes; Course 2 differs only by a dynamics unit and small wording changes.","Identical objectives/outcomes and near-identical units (motor/drive modeling, PID motion control, forward/inverse kinematics, DH and homogeneous transforms, Jacobians, simulation); only dynamics/Lagrange vs validation/offline programming differ."
p054,nm65a88046,nmd7ff8cfb,0,0,0,"Machine element design (joints, shafts, springs, fasteners) versus heat transfer (conduction, convection, radiation, exchangers) are different subjects with no shared topics.","Heat transfer (conduction, convection, radiation, exchangers) versus machine element design (joints, shafts, springs, fasteners) share no topics.","Machine element design (joints, shafts, springs, fasteners) versus heat transfer (conduction, convection, radiation, exchangers); different subject matter."
p055,nme00b6811,nma54755ad,2,2,2,"Mineralogy, igneous petrology, structural geology, plate tectonics, historical geology and geological hazards are shared in near-identical wording; only minor extras such as dams/tunnels and GIS differ.","Same objectives and near-identical units: Earth formation and layering, mineralogy, igneous petrology, structural geology and plate tectonics, historical geology, geological hazards and site selection for dams/tunnels.","Geology and Earth Sciences share the same intro, mineralogy, igneous petrology, structural geology/plate tectonics, historical geology and hazards content with matching objectives; minor differences (GIS, dams/tunnels, rock mechanics)."
p056,nmebac980b,nm65a88046,2,1,1,"Heat Transfer's modes of heat transfer, conduction equations, convection with boundary layers and thermal radiation laws are largely covered by the heat-transfer half of Thermodynamics and Heat Transfer, although the latter adds thermodynamics and Heat Transfer adds heat exchangers.","Both cover modes of heat transfer, conduction, convection and thermal radiation, but Heat Transfer adds heat exchangers and greater depth while Thermodynamics and Heat Transfer devotes about half its units to first law, second law and entropy.","Both share conduction, convection and thermal radiation, but Course 1 also covers thermodynamics laws and entropy (four units) while Course 2 adds heat exchangers and greater heat-transfer depth."
p057,nm010f942b,nmae8bbb2b,0,0,0,"Image/video forensics, tamper detection and deepfakes versus workplace communication, group discussion, resumes and interviews share no subject matter.","Image/video forensics and deepfake detection versus interpersonal and employment communication (GDs, resumes, interviews) are unrelated.","Interpersonal Skills covers corporate communication, group discussion, resumes and interviews, while Digital Image and Video Forensics covers evidence handling, tamper detection and deepfakes; different subject matter."
p058,nm53c19514,nm72ea9fdf,0,0,0,"Android app development (activities, fragments, intents, sensors) versus computer vision (OpenCV, feature detection, CNNs); different subject matter.","Android app development (UI, intents, sensors) versus computer vision (OpenCV, feature detection, CNNs); no meaningful topical overlap.","Computer Vision covers OpenCV, image processing, feature detection, recognition and CNNs, while Android Application Development covers mobile UI, intents, fragments and sensors; camera use in Android is not a vision topic, so no meaningful overlap."
p059,nm3832534a,nmbb13da38,2,2,2,"Nearly identical objectives and the same units (visual analytics intro, data preparation, analysis, charts, dynamic dashboards, case study); Course 2 only adds a predictive analytics unit.","Same objectives and near-identical units (visual analytics intro, data preparation, data analysis, charts, dynamic dashboards, case study); Course 2 only adds a predictive analytics unit.","Business Visualization's units (visual analytics intro, data preparation, analysis, charts, dynamic dashboards, case study) are almost all contained in the longer course, which only adds predictive analytics."
p060,nm53709667,nm2f0a3b97,0,0,0,"Geotechnical ground improvement (compaction, grouting, geosynthetics, anchors) versus industrial and cognitive robotics are unrelated.","Ground improvement (compaction, grouting, geosynthetics, anchors) versus industrial and cognitive robotics (ROS, computer vision, cloud, Python/R); different subject matter.","Cognitive robotics, ROS, and Python/R programming versus geotechnical ground improvement (compaction, grouting, geosynthetics); no shared content."
p061,nme6287566,nmb94332d1,2,2,2,"Fluid properties, statics, kinematics, dynamics (Bernoulli, Reynolds transport, flow meters) and laminar/turbulent flow units are near-verbatim shared and make up most of Course 2, though Course 1 adds turbines and pumps and Course 2 adds boundary layer theory.","Fluid properties, statics, kinematics, dynamics and laminar/turbulent flow are near-identical in both; the first adds boundary layer theory in units and the second adds turbines and pumps, so most of the first course is covered by the second.","Course 2's fluid properties, kinematics, dynamics and laminar/turbulent flow units are near-verbatim in Course 1 (units 1-4); Course 1 adds turbines and pumps and Course 2 adds boundary layer theory and buoyancy details."
p062,nmcce7ac03,nmaebe1af8,0,0,0,"Compiler design (parsing, code generation, optimization) versus cognitive science and analytics (AI/ML, data taxonomy, CRISP-DM) have different content, with only generic AI vocabulary in common.","Compiler construction (lexing, parsing, code generation) versus cognitive science and analytics (AI/ML overview, CRISP-DM) are different subjects.","Compiler phases (lexing, parsing, code generation) versus cognitive science, analytics, CRISP-DM and AI/ML overviews; only generic vocabulary is shared."
p063,nm5658987e,nmb6c5abfe,0,0,0,"Smart city planning, technology and finance versus financial derivatives (options, futures, swaps, risk); only the generic word finance overlaps.","Financial derivatives (options, futures, swaps, hedging) versus smart city planning, technology and finance are different subjects; only generic finance and risk vocabulary appears.","Smart city planning, technology and finance versus financial derivatives (options, futures, swaps); only generic finance vocabulary in common."
p064,nm7a79a2ff,nm0f86adea,2,2,2,"Number systems and codes, Boolean simplification, combinational circuits, flip-flops/counters/registers and memories are covered in both; the second course adds only VHDL and logic families.","Near-identical objectives; number systems and codes, Boolean simplification, combinational circuits, sequential circuits (flip-flops, counters, shift registers) and memories are shared, with Digital System Design adding only VHDL and logic families.","Same digital logic core (number systems and codes, combinational circuits, sequential circuits and flip-flops, counters, registers and memories) with near-identical objectives; the first adds VHDL and logic families, the second adds Boolean algebra and K-maps that the first covers under simplification."
p065,nm363a5ab2,nm5b9c9129,0,0,0,"Web development (HTML, CSS, JavaScript, Node.js, REST APIs) versus Java-style OOP lab experiments (classes, inheritance, generics) share only generic programming vocabulary.","Web development (HTML/CSS, JavaScript, Node.js APIs) versus object-oriented programming lab (classes, inheritance, generics, design patterns) share only generic programming vocabulary.","OOP lab (classes, inheritance, generics, design patterns) versus web development (HTML/CSS, JavaScript, Node.js APIs); OOP is only a prerequisite of the second."
p066,nm4f951545,nmc34d9fcf,2,2,2,"Both cover solid-state basics, nano property measurement (TEM, SEM, AFM), synthesis methods, carbon nanostructures and MEMS/NEMS, with only minor extras (organic/bio materials) in the first.","Both cover solid-state physics basics, measurement/characterization (SEM, TEM, AFM), synthesis methods, carbon nanostructures and MEMS/NEMS fabrication, matching nearly unit for unit.","Both cover nano fundamentals with solid-state physics, characterization (SEM/TEM/AFM), synthesis methods, carbon nanostructures and MEMS/NEMS; the elective adds only organic/bio materials."
p067,nm1b2c9595,nm67f4b721,2,2,2,"Same seven units (energy scenario, solar, wind, geothermal, ocean, biomass, fuel cells) with near-identical objectives and outcomes.","Identical objectives and the same seven units (energy scenario, solar, wind, geothermal, ocean, biomass, chemical/fuel cells) with near-verbatim syllabus text; only prerequisites and outcome verbs differ.","Both cover the same seven units (energy scenario, solar, wind, geothermal, ocean, biomass, fuel cells) with near-identical objectives and topic text."
p068,nm1c7cc0fb,nm04b5f761,0,0,0,"IoT protocols (OPC, MQTT, CoAP) versus NX Line Designer factory layout CAD; different subject matter.","NX Line Designer covers factory layout and CAD plant design, while Smart System Communication covers OPC, MQTT, CoAP and IoT protocols; only incidental mention of robots and assembly lines overlaps.","NX Line Designer factory layout and plant navigation versus IoT communication protocols (OPC UA, MQTT, CoAP); only a faint shared industrial-automation context."
p069,nma2698ced,nmfd5b41a1,0,0,0,"Microeconomics (demand-supply, utility, production, market structures) versus wireless sensor networks (MAC, routing, localization, security); no shared topics.","Wireless sensor networks (MAC, routing, localization, security) versus microeconomics (demand and supply, utility, production, market structures) are unrelated.","Microeconomics (demand/supply, utility, production, market structure) and wireless sensor networks (MAC, routing, localization, security) are unrelated."
p070,nm459a8419,nm87e2b40a,0,0,0,"AI agents, search, logic and knowledge representation versus mathematical modelling with ODEs/PDEs, Monte Carlo and optimization are different subjects.","Modelling and Simulation (ODE/PDE models, Monte Carlo, continuous optimization) versus Intelligent Systems I (agents, search, CSP, logic) share only generic math/optimization vocabulary.","Intelligent Systems I covers AI agents, search, CSP and logic-based knowledge representation, while Modelling and Simulation covers ODE/PDE models, Monte Carlo and continuous optimization; only generic mathematical vocabulary is shared."
p071,nmdc703949,nm065fc545,0,0,0,"Groundwater hydrology and contaminant modelling versus automata theory, formal languages and computability are unrelated subjects.","Groundwater hydrology and contaminant transport modelling versus automata, formal languages and computability have no common content.","Groundwater hydrology, aquifers, flow and contaminant modelling versus automata, formal languages, Turing machines and complexity; no shared topics."
p072,nm1feb63f3,nmae8bbb2b,0,0,0,Graph analytics with neo4j and large-scale graph processing versus image and video forensics and deepfake detection; different subjects.,Graph analytics with neo4j and large-scale graph processing versus image/video forensics and tamper detection cover different subject matter.,Graph analytics with neo4j versus image/video forensics and deepfake detection; different subject matter.
p073,nmfee0ec0d,nm7cc2ba78,0,0,0,A seminar/literature-review project has no topical overlap with a machine-shop and mechatronics components workshop.,A mechanical seminar/literature-review project course versus a mechatronics workshop on machine tools and minor project components; no shared topics beyond generic hands-on/project work.,"A mechatronics workshop (machine shop, minor project with microcontrollers/PLC) versus a mechanical seminar/literature-review project; no shared topics beyond generic hands-on work."
p074,nm6a8b4f26,nm3dcdb837,2,2,2,"Identical objectives, outcomes and units: optimization introduction/KKT, linear, non-linear, integer programming and modern metaheuristics.","Objectives, outcomes and all five units (KKT/intro, LP and simplex, non-linear methods, integer programming, genetic/annealing/PSO/ACO) are essentially identical.","Identical objectives, outcomes and all five units (introduction/KKT, linear, non-linear, integer programming, modern metaheuristics)."
p075,nmef1f0a88,nm4f951545,2,2,2,"Nanotechnology syllabi share identical objectives and near-identical units (solid state physics, measurement SEM/TEM/AFM, synthesis, carbon nanostructures, organic/biological materials); the second only adds MEMS/NEMS.","Both nanotechnology electives have the same objectives and nearly identical units (solid state physics, SEM/TEM/AFM measurement, synthesis, carbon nanostructures, organic/biological materials); the second only adds MEMS/NEMS.","Both cover solid state physics, property measurement (TEM/SEM/AFM), synthesis, carbon nanostructures and organic/biological materials with near-identical unit text; Course 1 only adds MEMS/NEMS."
p076,nm4db80749,nmf8001d4e,0,0,0,"Electrical circuit and network analysis (mesh/node, theorems, Laplace, two-port networks) versus literary analysis of short fiction; no overlap.","Circuit and network theory (mesh/node analysis, network theorems, Laplace, two-port networks) versus literary analysis of short fiction; nothing shared.",Literary analysis of short fiction versus electrical circuit analysis and network synthesis have no shared content.
p077,nmc51dfba6,nme2303eb1,0,0,0,"A mechanical engineering project (problem identification, feasibility, report) versus human-machine interface design, interaction models and Nextion tools share nothing substantive.","A generic project course with no unit topics versus HMI design (interaction models, GUI, Nextion tools) has no content overlap.",Human-machine interface design and GUI tools versus a mechanical engineering project with literature survey and feasibility; no topical overlap.
p078,nm5c8a41f7,nmcf9c24a3,0,0,0,"Web programming (HTML, CSS, JavaScript, Node) versus finite element analysis of continua (stiffness matrices, heat transfer) are different subjects.","Web programming (HTML, CSS, JavaScript, Angular, Node) versus finite element methods for solid mechanics and heat transfer are unrelated.","Web development (HTML, CSS, JavaScript, Angular, Node.js) versus finite element and computational methods for solid mechanics and heat transfer; different subjects."
p079,nm4db80749,nmc9945359,0,0,0,"Circuit analysis, network theorems, transients and two-port networks versus embedded systems design, RTOS and firmware are different subjects with only generic electronics vocabulary in common.","Circuit analysis, network theorems and synthesis versus embedded systems, RTOS and firmware design; only generic electronics vocabulary in common.","Embedded systems, RTOS and firmware design versus circuit theorems, transient analysis and two-port networks cover different subject matter."
p080,nm556b28f7,nmfb7eb40c,2,2,2,"Identical objectives, outcomes and all five units (AM introduction, classification of AM techniques, post-processing, DfAM, applications and Industry 4.0).","3D Printing and Additive Manufacturing have identical outcomes and identical five units (AM introduction, process classification, post-processing, DfAM, applications and Industry 4.0).","Identical outcomes and all five units on additive manufacturing (classification of AM techniques, post-processing, DfAM, applications)."
p081,nmc3ca1e90,nme44cea58,0,0,0,"CAD/CAM/CIM (geometric modelling, CNC, group technology) versus a project methodology course (ideation, literature review, feasibility, reporting) whose outcomes are mismatched electrical basics; none of these topics coincide.","Project methodology (ideation, literature review, feasibility, report) versus CAD/CAM, CNC and CIM technical content; the electrical outcomes listed for Course 1 match neither.","CAD/CAM, CNC, group technology and CIM versus a project-methodology course on ideation, feasibility and report (its listed outcomes are unrelated circuits content); no topical overlap."
p082,nm4f8e5516,nm2328234d,0,0,0,"Embedded systems, RTOS and hardware-software co-design versus 2-D/3-D computer graphics algorithms, transformations and shading; no meaningful overlap.","Computer graphics (raster algorithms, transformations, clipping, shading) versus embedded systems (RTOS, microcontrollers, hardware-software co-design) share no topics.","Embedded systems architecture, RTOS and hardware-software co-design versus computer graphics algorithms (raster, transformations, clipping, shading); only generic computing overlap."
p083,nmcb27bab3,nmca42753c,0,0,0,"Project report documentation format versus the Indian Constitution, fundamental rights and judiciary have no shared content.",Indian constitutional provisions versus project report documentation structure; no shared content.,"Indian Constitution (rights, judiciary, emergency provisions) versus project report documentation formatting and evaluation; no shared content."
p084,nm8971f693,nm792ac656,2,2,2,"Casting (patterns, sands, gating), forming (rolling, forging), joining (welding types) and lathe operations in Course 1 are nearly all repeated in Course 2, which only adds milling, plastics and non-conventional machining.","Both cover metal casting (patterns, sands, gating), forming (rolling, forging), joining (welding types) and lathe/machining with near-identical unit content; the open elective adds only plastics processing and non-conventional machining.","Both cover metal casting (patterns, sands, gating), forming (rolling, forging), joining/welding and lathe machining with near-identical unit content; Course 2 is largely a subset of Course 1."
p085,nm02c1b10e,nmd2e88aa5,2,1,2,"Outcomes are near-identical and four of seven units (introduction, design principles, identity and access management, security technologies) overlap, though one adds cryptography/risk and the other program/OS/database security.","Near-identical outcomes and shared units on introduction/threats, design principles, identity and access management and security technologies (firewalls, IDPS, VPN), but Course 1 adds cryptography and risk/incident management while Course 2 adds program, OS and database security.","Identical outcomes and near-identical Introduction, Design Principles, IAM and Security Technologies units; each adds a few unique units (cryptography/risk/legal vs program/OS/database security) but it is essentially the same cybersecurity introduction."
p086,nm97551ffd,nmab6927e6,0,0,0,"Business data analytics (wrangling, descriptive statistics, regression) versus deep-learning computer vision (CNNs, RNNs, detection, GANs); no shared topics.","Deep-learning computer vision (CNNs, detection, GANs) versus introductory business data analytics (wrangling, ANOVA, regression) share only generic data vocabulary.","Deep-learning computer vision (CNNs, detection, GANs) versus introductory data analytics (wrangling, descriptive statistics, regression) differ in content, with only generic ML/data vocabulary in common."
p087,nm7a79a2ff,nm9e21c918,2,2,2,"Number systems, combinational circuits, sequential circuits (flip-flops, registers, counters) and VHDL are common; the second course is mostly covered by the first, which adds only logic families and memories.","Both cover number systems and codes, Boolean algebra and K-maps, combinational and sequential circuits and VHDL with nearly identical unit content; Course 2 adds only logic families and memories.","Number systems, Boolean simplification, combinational and sequential circuits, and VHDL are near-identical, so Course 1 is almost entirely covered by Course 2, which only adds logic families and memories."
p088,nm4b668fb0,nm5fcc1fec,0,0,0,"Heat exchanger design (shell and tube, plate, heat pipes) versus business writing, presentations and meetings are unrelated.","Heat exchanger design (shell-and-tube, plate, heat pipes) versus business writing, presentations and group discussion skills; no content overlap.","Heat exchanger design and business communication (writing, presentations, group discussion) are unrelated."
p089,nme1f8fdda,nmb4fb7b04,0,0,0,"International business strategy, trade and FDI versus computational neuroscience (neuron models, encoding, plasticity); unrelated.",International business strategy and trade versus neuron modelling and brain data analysis; unrelated content.,"Computational neuroscience (neuron models, EEG, synaptic plasticity) versus international business (trade, FDI, market entry) are unrelated."
p090,nme8e5f43c,nm4cc25deb,2,2,2,"All seven units (AM/angle modulation, pulse modulation and sampling, waveform coding, baseband shaping, digital modulation, source/error control coding, spread spectrum) and the outcomes are essentially identical.","Both cover the same seven units (AM/FM modulation, sampling and pulse modulation, PCM/DPCM/DM, baseband shaping/ISI, digital modulation, source and error control coding, spread spectrum) with near-verbatim text.","Identical seven-unit structure and objectives: AM/FM, pulse modulation and sampling, waveform coding, baseband shaping, digital modulation, source/error-control coding and spread spectrum."
p091,nm48c6dd41,nmf5883555,0,0,0,"Fuels, combustion and lubricants versus Indian traditional knowledge, Vedic mathematics and Chanakya management share nothing.","Fuels, combustion and lubricants versus Indian traditional knowledge, Vedic mathematics and Chanakya management; different subject matter.","Indian traditional knowledge, Vedic mathematics and Chanakya management versus fuels, combustion and lubricants; unrelated subject matter."
p092,nm3a199891,nm02c1b10e,2,2,2,"Identical objectives and shared units on introduction, design principles, program security, IAM and security technologies (about 70% of Course 1); differences are OS/database security versus cryptography, risk and human aspects.","Five of seven units of Cybersecurity Fundamentals (introduction, design principles, program security, IAM, security technologies) appear near-verbatim in Introduction to Cybersecurity, which adds cryptography and risk management while the first adds OS and database security.","Same objectives and five shared units (intro/threats, design principles and policies, program security, IAM, firewalls/IDPS/VPN); course 2 adds cryptography and risk management while course 1 adds OS and database security, but most of course 1 is covered by course 2."
p093,nmba0b932b,nm0ff04d85,0,0,0,"Environmental impact assessment, SIA and life cycle assessment versus a generic project-phase implementation and reporting course share no subject content.","A project-implementation, weekly-report and presentation course versus environmental management (EIA, SIA, LCA); only generic report/case-study vocabulary is shared.","Environmental impact assessment, SIA and LCA versus a generic project phase on implementation, reports and presentation; no shared subject matter."
p094,nm4756fd83,nmfd39b42d,0,0,0,"Course 1's listed units are computer networking (TCP/IP, routing, MPLS) while Course 2 covers information security, cryptography, firewalls and data privacy, so no meaningful topic overlap.","Information security (cryptography, firewalls, data privacy) versus a technical paper writing course whose listed units are TCP/IP networking, IP routing and ATM share no meaningful content.","Information security, cryptography, firewalls and data privacy versus (as listed) TCP/IP networking, routing and multimedia protocols under a paper-writing title; no meaningful topical overlap."
p095,nm9d8c41ec,nm48af830b,1,1,1,"Both share identical objectives and the same strategic framework, network design and (partly) warehouse/transportation units, but Logistics adds material management, logistics dimensions and IT while Analytics adds SCOR modelling, forecasting and predictive analytics.","Objectives and outcomes are identical and three units (strategic framework, network design, warehouse and transportation) are shared, but the analytics course adds modelling and forecasting while the other adds material management, logistics dimensions and IT.","Units 1 (strategic framework, supply chain stages and strategies) and 2 (network design) are identical and warehouse/transportation is partly shared, but Course 1 adds material management, logistics dimensions and IT while Course 2 adds analytics, modelling and forecasting."
p096,nm02912afd,nmb4358445,2,2,2,"All seven units (DC motor modeling, PID motion control, forward/inverse kinematics, DH parameters/HCTM, Jacobians, testing, simulation) are word-for-word identical.","All seven units are identical (motor modeling, PID and trapezoidal velocity profile, kinematics, DH and HCTM analysis, Jacobians, testing and validation, simulation) with essentially the same objectives and outcomes.","All seven units are word-for-word identical (DC motor modeling, PID control, forward/inverse kinematics, DH parameters, Jacobians, simulation)."
p097,nm0b861062,nm71ec58e7,0,0,0,"Civil construction techniques (substructure, demolition, rehabilitation) versus applied mathematics (analytic functions, vector integration, matrices, Laplace transforms); different subject matter.","Civil construction techniques, demolition and rehabilitation versus complex analysis, vector calculus, matrices and Laplace transforms; no shared topics.","Applied mathematics (analytic functions, vector integration, matrices, Laplace) versus civil construction techniques (substructure, demolition, rehabilitation) share no topics."
p098,nmba0b932b,nmce33e75b,0,0,0,"LabVIEW virtual instrumentation and data acquisition versus a generic project phase (implementation, weekly reports, final report, presentation) share no topical content.","LabVIEW virtual instrumentation and data acquisition versus a project phase II course (implementation, weekly reports, thesis presentation) have no topical overlap.","LabVIEW virtual instrumentation and data acquisition versus a generic capstone project phase (implementation, weekly reports, presentation); no shared topics."
p099,nmf58f1a6e,nme8e5f43c,0,0,0,"Control systems (time/frequency response, stability, state space) versus communication theory (modulation, coding, spread spectrum) share only generic signals-and-systems background.","Control systems (transfer functions, Bode/Nyquist, state space) versus communication theory (modulation, coding, spread spectrum) cover different topics; only generic signals-and-systems background is shared.","Control systems (transfer functions, stability, Bode/Nyquist, state space) versus communication theory (modulation, coding, spread spectrum) share only generic signals-and-systems background."
p100,nm6ca1a874,nmdf178d12,2,2,2,"Both cover process scheduling, concurrency and semaphores, deadlock and Banker's algorithm, memory management, I/O and disk scheduling, file management and the Unix case study with near-identical unit content.","Both cover the same eight OS units (overview, process scheduling, concurrency, deadlock, memory management, I/O and disk scheduling, file management, UNIX and heterogeneous-architecture case study) with near-identical topic lists.","Both cover the same OS units (processes and scheduling, concurrency, deadlock, memory management, I/O and disk scheduling, file management, UNIX and heterogeneous-architecture case study) with near-identical wording."
p101,nm0d1db0f0,nm9e4bb8d0,0,0,0,"Critical thinking and reasoning fallacies versus a capstone project whose units cover belt, spur, bevel and worm gear design; no shared content.","Critical thinking (reasoning, fallacies, bias, deductive/inductive arguments) versus a capstone course whose listed units are mechanical design of belts and gears; different subject matter.","Critical thinking (reasoning, fallacies, bias) versus a capstone project whose listed units cover belt, spur, bevel and worm gear design; no shared topics."
p102,nm8fe2f0e0,nm18df2d3b,0,0,0,"Python programming language basics and libraries versus algorithm design paradigms and complexity analysis; only incidental shared ideas such as recursion, no overlapping units.","Algorithm design paradigms and complexity analysis versus Python language basics, file handling, GUI and NumPy/Pandas; only generic programming vocabulary (recursion) is shared.","Algorithm design paradigms and complexity analysis versus Python language basics, file handling and NumPy/Pandas share no substantive topics beyond recursion and general programming."
p103,nma3673374,nm8b216b85,0,0,0,"Cryptography and network/system security versus generative AI (LLMs, RAG, diffusion, agentic AI); different subject matter.","Generative AI (LLMs, RAG, diffusion, agentic AI) versus cryptography and network security (DES/AES, public key, SSL, firewalls) share no topics.","Cryptography and network security versus generative AI (LLMs, RAG, diffusion, agentic AI); no shared topics."
p104,nm2f8e9411,nmfee0ec0d,0,0,0,"A seminar/literature-review project course has no topical overlap with refrigeration cycles, psychrometry and duct design.","A seminar/literature-review project course versus refrigeration and air-conditioning (vapour compression, psychrometry, duct design); no shared topics.",Refrigeration and air-conditioning technical content versus a generic seminar/project literature review and presentation course.
p105,nmb1610e23,nm0f2d3399,2,2,2,"The second course (digital manufacturing, 3D printing process steps, FDM, printing a model) is essentially contained in units 5-6 of the first, though the first also covers building materials, services and surveying.","The whole 3D printing and FDM content of Digital Manufacturing Lab (equipment, process steps, CAD to STL, FDM parameters) reappears almost verbatim in Engineering Workshop units 5-6, so most of Course 1 is redundant, though Course 2 adds building materials and surveying.","The whole Digital Manufacturing Lab (3D printing process steps, STL slicing, FDM workflow and parameters) appears nearly verbatim in Engineering Workshop's units 5 and 6, though the workshop also has building materials, services and surveying."
p106,nm95aa0687,nm29b947cb,0,0,0,"Elliptic curve cryptography (group law, ECDLP, ECDSA, pairings) versus electrical distribution system design and energy efficiency; unrelated.","Elliptic curve cryptography (group law, finite fields, ECDSA, discrete log attacks) versus electrical distribution system design and energy audit; no shared topics.","Elliptic curve cryptography (group law, ECDLP, ECDSA, pairings) versus electrical distribution system design and energy audit; no shared topics."
p107,nm5dd17de1,nma47d073e,0,0,0,"Applied AI covers agents, search, knowledge representation, probabilistic reasoning and RL, while Supply Chain Analytics covers forecasting, inventory, facility location and supervised/unsupervised ML for SCM; only generic ML vocabulary is shared.","Supply chain analytics (forecasting, inventory, optimization, applied ML) versus classical AI (search, logic, probabilistic reasoning, RL, multi-agent); only generic ML/AI vocabulary is shared, with no substantial common unit.","Supply-chain management and analytics (inventory, network design, supervised/unsupervised ML case studies) versus classical AI (search, logic, probabilistic reasoning, RL, multi-agent); the shared ML/AI content is only generic."
p108,nm74f7735c,nm88f4eee7,2,2,2,"Identical seven units on open/closed loop systems, modelling, state variables, time response, stability, frequency response and PID with near-identical objectives.","Fundamentals of Control Systems and Classical Control Systems have identical objectives and seven identical units (open/closed loop, modeling, state variables, time response, stability, frequency response, PID).","All seven units (open/closed loop, modeling, state variable, time response, stability, frequency response, PID) and objectives are near-verbatim identical."
p109,nm4a39798b,nmfba65d75,2,2,2,"All seven units on kinematics, kinetics, constitutive laws, work and energy, and ODE simulation are verbatim identical, with the same objectives.","Unit lists are word-for-word identical (constitutive laws, rigid body kinematics and kinetics, particle kinetics, work and energy, ODE simulation) and the objectives are identical.","All seven units (kinematics, constitutive laws, rigid body kinematics/kinetics, work and energy, numerical simulation) and objectives are identical; only the outcomes are worded differently."
p110,nmc4d6ebbe,nm1ac78ced,0,0,0,"Dynamic system modeling (Laplace, transfer function, state space) versus design of mechanical systems (pressure vessels, material handling, conveyors, biomechanics) cover different content.","Pressure vessels, material handling, conveyors and biomechanics versus system dynamics modelling (Laplace, transfer function, state-space, MATLAB) cover different topics.","Pressure vessels, material handling, belt conveyors and biomechanics do not overlap with Laplace/transfer-function/state-space modelling of dynamic systems."
p111,nme44cea58,nm1f7dc76c,0,0,0,"Project methodology (ideation, literature review, feasibility, report) versus sensors, transducers and PLC programming; no shared topics.","Project Methodology units are ideation, literature review, design and reporting, while PLCs and Instrumentation covers sensors and PLC programming; the electrical outcomes listed under Project Methodology do not appear in the PLC unit topics.","PLCs and Instrumentation covers sensors, proximity sensors, PLC architecture and ladder programming, while Project Methodology covers ideation, literature review, feasibility and reporting (its listed outcomes on circuits and logic gates do not match its units); no shared topics."
p112,nmca42753c,nm0ff04d85,0,0,0,"Project report documentation format versus environmental impact assessment, social impact assessment and life cycle assessment; no shared topics.","A project report-writing and documentation format course differs from environmental management (EIA, SIA, LCA); only generic report vocabulary is shared.",Environmental impact and life cycle assessment versus a project documentation/report-writing course; no topical overlap.
