item_id,course,prereq_text,phrase,resolved_course,similarity
q000,Robotics and Automation,"Basic Engineering Mathematics, Automation and Control.",Automation,Fundamentals of Automation,0.873
q001,Introduction to Digital Systems,Course Objectives The basic objective is to provide fundamental concepts of digital logic families & digital systems as well as their applications. The course helps the students to design and analyse the combinational and sequential logic circuits.,sequential logic circuits,Digital Logic & System Design,0.698
q002,NX Line Designer,Process Simulate Standalone Basic Robotic Simulation,Process Simulate Standalone Basic Robotic Simulation,Process Simulate Standalone Basic Robotic Simulation,1.0
q003,CAD Advanced Processes,CAD Fundamental Processes,CAD Fundamental Processes,CAD Fundamental Processes,1.0
q004,Technical Communication,Fundamentals of English Communication,English Communication,English Communication,1.0
q005,Industrial Waste Management,Environmental Engineering,Environmental Engineering,Ecological Engineering,0.832
q006,Digital System Design,Objectives: 1. To provide knowledge of digital logic & digital system as well as their applications in technical field. 2. To provide knowledge of basic building blocks and their working. 3. To provide knowledge of designing the digital logic circuit,their applications in technical field. 2. To provide knowledge of basic building blocks,Engineering Workshop,0.566
q007,Natural Language Processing,"Data Structures and Algorithms, Python Programming",Algorithms,Design and Analysis of Algorithms,0.761
q008,Smart Cities,"Final Year students from Engineering, Architecture, and PG students from all programs are eligible for the course",Final Year students from Engineering,Engineering Mechanics,0.541
q009,Fluid Mechanics,"Engineering Mechanics, Partial Differential Equations and Laplace transforms",Laplace transforms,Partial Differential Equations and Laplace Transforms,0.759
q010,- Artificial Intelligence and Machine Learning,"Fundamental Knowledge of Control Systems, Computer Programming, Calculus, Linear Algebra and Probability, Programming Knowledge, and Statistics",Probability,Probability and Statistics,0.741
q011,Microwave and Antenna Theory,Electromagnetic Wave Theory,Electromagnetic Wave Theory,Electromagnetic Wave Theory,1.0
q012,Machine Shop – II,"Workshop / Manufacturing Practices (BTME02011), Machine Shop - I (BTME04013)",Machine Shop - I,Machine Shop-I,1.0
q013,Artificial Intelligence,"Students are required to have the following prerequisites: • Linear algebra (vectors, matrices, derivatives) • Basic probability theory • Python programming",derivatives) • Basic probability theory • Python programming,Introduction to Programming in Python,0.606
q014,Smart Cities,"Final Year students from Engineering, Architecture, and PG students from all programs are eligible for the course",Architecture,Software Architecture,0.787
q015,- Artificial Intelligence and Machine Learning,"Fundamental Knowledge of Control Systems, Computer Programming, Calculus, Linear Algebra and Probability, Programming Knowledge, and Statistics",Calculus,Calculus,1.0
q016,Control System Engineering,"Knowledge of Engineering Mathematics, Circuits and Network Technology, Signals and Systems.",Network Technology,Computer Networks,0.766
q017,- Artificial Intelligence and Machine Learning,"Fundamental Knowledge of Control Systems, Computer Programming, Calculus, Linear Algebra and Probability, Programming Knowledge, and Statistics",Programming Knowledge,Programming for Problem Solving,0.685
q018,Machine Shop – II,"Workshop / Manufacturing Practices (BTME02011), Machine Shop - I (BTME04013)",Workshop,Workshop Practice,0.886
q019,Wireless Sensor Networks,"Microprocessor and Microcontrollers, Embedded systems, and Computer Communication & Networks.",Microprocessor,Microprocessor and Microcontroller,0.832
q020,Ergonomics in Design,Kinematics and Dynamics of Machines,Dynamics of Machines,Kinematics and Dynamics of Machines,0.862
q021,Linear Algebra and Differential Equations,"Knowledge of fundamental concepts in Algebra, Differential and Integral Calculus.",fundamental concepts in Algebra,Discrete Mathematics,0.562
q022,Supply Chain Analytics,"Python for Data Analytics, Optimisation Methods, Foundations of Machine Learning",Python for Data Analytics,Python for Data Analysis,0.877
q023,Autonomous Navigation of Electric Vehicles,Electric Hybrid Automotive Technology,Electric Hybrid Automotive Technology,Electric Hybrid Automotive Technology,1.0
q024,Communication Skills-II,Communication Skill –I (BTCS1004),Communication Skill –I,Communication Skills-I,0.894
q025,Docks and Harbor Engineering,"Soil Mechanics, Transportation Engineering",Transportation Engineering,Transportation Engineering,1.0
q026,Power system Operation and Control,"Electrical Power -1, Electrical Power - 2",Electrical Power -1,Power Electronics,0.613
q027,"Introduction to Business Statistics, Analytics and Modeling-II","Introduction to Business Statistics, Analytics and Modeling-I",Modeling-I,Project – I,0.558
q028,Introduction to IOT,"Computer Communication Networks, Digital and Anlog Communication, Microprocessor and Microcontrollers",Computer Communication Networks,Computer Networks,0.89
q029,Prestressed Concrete,"Theory of structures, Concrete technology",Theory of structures,Theory of Structures,1.0
q030,Introduction to International Business,"Principles of Economics –I, II",Economics –I,Principles of Economics –I,0.779
q031,Image and Video Processing,"Signals and Systems, Discrete Time Signal Processing",Discrete Time Signal Processing,Discrete Time Signal Processing,1.0
q032,Advanced Business Analytics in Python and R,"Introduction to Business Statistics, Analytics & Modelling-I, Introduction to Business Statistics, Analytics & Modelling-II, Introduction to Programming in Python",Modelling-II,Modelling and Simulation,0.655
q033,IoT and Applications,"C/ C++ Programming, Microprocessor and Microcontroller, Computer Networks, Cyber Security.",Cyber Security,Cyber Security,1.0
q034,Thermodynamics & Heat Transfer,"Calculus (702BS0C001), Physics (702BS0C002), Linear Algebra and Differential Equations (702BS0C051), Transforms and Series (702BS0C038), Applied Statics and Dynamics (702MH0C001), Fluid Mechanics & Machinery (702MH0C005)",Machinery,Fluid Machinery,0.722
q035,Distributed Systems,Objectives: The student should be made to: 1. Understand foundations of Distributed Systems. 2. Introduce the idea of peer to peer services and file system. 3. Understand in detail the system level and support required for distributed system. 4. Unde,file system. 3. Understand in detail the system level,Operating Systems,0.598
q036,Mathematics - III,"Fundamental knowledge of Derivatives, Partial Derivatives, Integration and Probability.",Partial Derivatives,Financial Derivatives,0.553
q037,Computer Vision,Programming concepts and Image Processing fundamentals,Image Processing fundamentals,Image Processing,0.882
q038,Data Warehousing and Mining,"Programming for Problem Solving, Data Base Management Systems, Data Structures and Algorithms",Data Base Management Systems,Database Management Systems,0.752
q039,Deep Learning,"Linear Algebra, Probability and Statistic, Machine Learning",Statistic,Probability and Statistics,0.671
q040,Artificial Intelligence,"Data Structure and Algorithms, Programming for Problem Solving.",Data Structure,Data Structures,0.955
q041,Ergonomics in Design,Kinematics and Dynamics of Machines,Kinematics,Kinematics and Dynamics of Machines,0.673
q042,Applied Mathematics – III,"Basic syntax and semantics of programming languages, object‐oriented programming",object‐oriented programming,Object Oriented Programming,0.971
q043,Department Elective II - Vibration Engineering,"Strength of Material (BTME04009), Mathematics - I, II, III (MBME01001, MBME02008, MBME003007), Theory of Machines - I and II (MBME04008 & MBME05004)",Theory of Machines - I,Theory of Machines - I,1.0
q044,Network Analytics,"Programming, Big Data, DBMS",DBMS,Database Management Systems,0.74
q045,Complex Analysis and Discrete Mathematics,"Knowledge of Basic concepts in Complex numbers, Number theory and Algebra.",Basic concepts in Complex numbers,Complex Analysis and Discrete Mathematics,0.62
q046,Supply Chain Analytics,"Python for Data Analytics, Optimisation Methods, Foundations of Machine Learning",Optimisation Methods,Optimization Methods,0.893
q047,Computational Methods,"Mathematics – I, II, and III. Basic Knowledge of Programming",III. Basic Knowledge of Programming,Programming for Problem Solving,0.65
q048,Global Navigation Satellite Systems,"Analog and digital Communication, Satellite Communication, Electromagnetic Field theory.",Satellite Communication,Satellite Communication,1.0
q049,Introduction to Automation,"Control System – 1, Control System – 2, Electrical Machines - 2",Electrical Machines - 2,Theory of Machines - I,0.626
q050,Big Data and Hadoop,"Java/Python/R Programming, Knowledge of Linux Operating System.",Linux Operating System,Operating Systems,0.785
q051,Digital System Design,Objectives: 1. To provide knowledge of digital logic & digital system as well as their applications in technical field. 2. To provide knowledge of basic building blocks and their working. 3. To provide knowledge of designing the digital logic circuit,necessary techniques which is required in computer hardware design,Computer Architecture,0.623
q052,Signals and Systems,Mathematics-III (BTMA03007),Mathematics-III,Mathematics - III,1.0
q053,Industrial Engineering and Quality Management,"Manufacturing Processes (BTMA03011), Principles of Economics and Management (BTMA04009), Management Accounting for Engineers (MBAB06107)",Economics,Business Economics,0.891
q054,Introduction to Data Engineering,Data Wrangling/Data Wrangling Fundamentals and Practices,Practices,Workshop Practice,0.567
q055,Manufacturing Processes,Workshop Practice (),Workshop Practice (),Workshop Practice,0.948
q056,Project Management,"Software Engineering (MCNB02003), Object Oriented Software Engineering (MCNB03004)",Object Oriented Software Engineering,Object Oriented Programming,0.894
q057,Business Visualization,Data Warehousing and Mining,Data Warehousing,Data Warehousing & Mining,0.895
q058,- Product Design and Development,Manufacturing Processes (BTMA03011),Manufacturing Processes,Manufacturing Processes,1.0
q059,Microeconomics,Basic knowledge of Economics concepts,Economics concepts,Fundamentals of Economics,0.78
q060,Operating Systems,"Objectives - To enable students to understand the basic concepts of an Operating system. To strengthen the understanding of various algorithms related to the process, memory, I/O and file management through implementation.",file management through implementation,Information Storage and Management,0.586
q061,Internet of Things,"Computer networks, Basic programming skills, Basic electronics skills",Basic electronics skills,Basic Electrical and Electronics Engineering,0.734
q062,Department Elective IV - Design of Mechanical Systems,"Engineering Mechanics (BTME03009), Elements of Biology (MBCI05007) Design of Machine Elements – I (BTME05003) and Design of Machine Elements – II (BTME06003)",Elements of Biology Design of Machine Elements – I,Design of Machine Elements - I,0.737
q063,Software Quality Assurance,"Software Engineering, Object Oriented Analysis & Design",Object Oriented Analysis,Object Oriented Programming,0.857
q064,Advance Image Processing,"Image processing, Signal and System , Engineering maths",Engineering maths,Engineering Mathematics - III,0.786
q065,Constitution of India,Course Objective: The course would enable students to get a brief introduction of the Indian Constitution and its principles. The students would have knowledge of concept of ‘State’ and interdependencies of its institutions vis a vis their relation w,interdependencies of its institutions vis a vis their relation with fundamental rights,Constitution of India,0.572
q066,Cognitive Science & Analytics,"Introduction to Business Analytics and Business Intelligence, Machine Learning.",Business Intelligence,Introduction to Business Analytics and Business Intelligence,0.768
q067,Statistical Methods,"Random Processes and Estimation, Applied Vector and Linear Algebra.",Estimation,Random Processes and Estimation Techniques,0.565
q068,Cybersecurity for Non-IT,Basic Knowledge of Computer,Computer,Human Computer Interaction,0.593
q069,- Artificial Intelligence and Machine Learning,"Fundamental Knowledge of Control Systems, Computer Programming, Calculus, Linear Algebra and Probability, Programming Knowledge, and Statistics",Control Systems,Fundamentals of Control Systems,0.87
q070,Machine Learning,Statistical Methods I and II,Statistical Methods I,Statistical Methods,0.941
q071,Advanced Computer Vision,Computer Vision and Applications,Applications,Applications of Machine Learning,0.615
q072,Satellite Communication,"Communication Theory and Systems, Electromagnetic Field Theory",Communication Theory,Communication Theory and Systems,0.892
q073,Industrial Electronics and Drives,Basic Electrical Engineering (BTMA01002) and Analog Devices and Circuits (BTMA03012),Circuits,Circuit and Network Theory,0.723
q074,Statistical Structures in Data and Inference,Managing Uncertainty (SEM - III),Managing Uncertainty (SEM - III),Managing Uncertainty,0.809
q075,Engineering Graphics and Design,Fundamental knowledge of computer systems.,computer systems,Electronic Systems,0.812
q076,Robotics and Automation,"Basic Engineering Mathematics, Control System Engineering.",Basic Engineering Mathematics,Engineering Mathematics - III,0.805
q077,Project,Knowledge of all core and elective courses completed till semester VII.,elective courses completed till semester VII,Professional Elective Course - II Repairs and Restoration of Structures),0.575
q078,Automotive Electronics,"Control Systems (BTMA04010), Microprocessors and Microcontrollers (BTMA04011), Mechanical Measurements and Instrumentation (BTMA06007), Automobile Engineering (BTMA07006)",Mechanical Measurements,Mechanical Measurements and Metrology,0.855
q079,Elliptic Curve Cryptography,Basic Probability Theory and abstract algebra,abstract algebra,Discrete Mathematics,0.566
q080,Introduction to Business Analytics Modeling,"Introduction to Business Analytics and Business Intelligence, Introduction to Business Statistics, Analytics & Modeling",Modeling,Modelling and Simulation,0.69
q081,Elective I - Dynamic System Modeling and Analysis,"Engineering Mathematics - I, II and III (BTAB01001, BTME02001 and BTME03001), Engineering Thermodynamics (BTME03002)",Engineering Mathematics - I,Engineering Mathematics - III,0.863
q082,"Advanced Social, Text and Media Analytics","Data Mining, Machine Learning, Python Programming",Data Mining,Data Mining and Analytics,0.868
q083,Design of Transmission Systems,"Engineering Mechanics, Materials Engineering, Strength of Materials, Design of Machine Elements",Design of Machine Elements,Design of Machine Elements,1.0
q084,Smart Antennas,"Knowledge of Communication Systems, Electromagnetic Field Theory",Communication Systems,Communication Theory and Systems,0.828
q085,Introduction to Digital Systems,Course Objectives The basic objective is to provide fundamental concepts of digital logic families & digital systems as well as their applications. The course helps the students to design and analyse the combinational and sequential logic circuits.,their applications. The course helps the students to design,Minor Project,0.589
q086,Wireless Sensor Networks,"Microprocessor and Microcontrollers, Embedded systems, and Computer Communication & Networks.",Computer Communication,Technical Communication,0.757
q087,"Testing, Commissioning and Maintenance of Electrical Equipment","Electrical Machines – 1, Electrical Machines - II",Electrical Machines – 1,Theory of Machines - I,0.653
