item,member,course_a,course_b,human_label_0_1_2,notes
PR153,J048,Intelligence of Biological Systems,Wireless Communication Technology,,
PR027,J048,Aerodynamics in Flight Design,Classical Physics,,
PR128,J048,Industrial Psychology,Human Computer Interaction,,
PR047,J048,Corporate Finance,Spreadsheet-Based Data Analysis,,
PR039,J048,- Virtual Instrumentation,Department Elective III - Operations Research,,
PR008,J048,Python for Data Analysis,Spreadsheet-Based Data Analysis,,
PR080,J048,Engineering Graphics and Design,Theory of Structures,,
PR103,J048,Cognitive Science & Analytics,Managing Uncertainty,,
PR149,J048,Business Strategy,Information Storage and Management,,
PR057,J048,Digital Electronics,Digital Electronics and Microprocessor,,
PR021,J049,Classical Physics,Robotics and Automation,,
PR179,J049,Indian Constitution,IT Workshop,,
PR154,J049,Alternative Fuels,Intelligence of Biological Systems,,
PR025,J049,Modern Day Robotics and Its Industrial Applications,Marketing Research & Marketing Management,,
PR145,J049,Blockchain Technology,Construction Contracts and Administration,,
PR097,J049,Dynamic Systems Modelling,Modern Control Systems,,
PR172,J049,Power Electronics,Advanced Power Electronics,,
PR038,J049,Supervisory Control and Data Acquisition,Digital Electronics,,
PR168,J049,Technical Communication and Leadership Skills,Communication Skills-II,,
PR051,J049,Design Experience I,Data Visualization,,
PR095,J050,Thermodynamics,Applied Thermodynamics,,
PR190,J050,Technical Communication and Leadership Skills,Advanced Power Electronics,,
PR158,J050,Fluid Power Automation,Prestressed Concrete,,
PR152,J050,Cognitive Science & Analytics,Advanced Business Analytics in Python and R,,
PR164,J050,Data Mining and Analytics,Cybersecurity for Non-IT,,
PR106,J050,Blockchain Technology,Metaverse,,
PR026,J050,Digital Electronics,- Virtual Instrumentation,,
PR197,J050,Virtual Design and Manufacturing,Product Realization,,
PR148,J050,IT Workshop,Advanced Data Structures,,
PR188,J050,Fluid Machinery,Principles of Economics- II,,
PR076,J052,Introduction to Programming in Python,Presentation and Communication Techniques,,
PR071,J052,Data Analytics,Project Phase-I,,
PR105,J052,Open Elective I - Production Management,Principles of Economics –I,,
PR052,J052,Cloud Security,Creativity and ethics in Marketing,,
PR010,J052,Embedded Systems,Introduction to Software Engineering,,
PR093,J052,Design of Reinforced Concrete Structures,Prestressed Concrete,,
PR151,J052,Microwave and Antenna Theory,"Testing, Commissioning and Maintenance of Electrical Equipment",,
PR136,J052,Fluid Machinery,Department Elective II - Mechatronic Systems Design,,
PR181,J052,Business Economics,Human Resource Analytics,,
PR122,J052,Indian Constitution,Business Communication and Value Science-IV,,
PR189,J053,Digital Circuits and Computer Architecture,Introduction to Business Analytics and Business Intelligence,,
PR034,J053,Advanced Geotechnical Engineering,Open Channel Flow,,
PR004,J053,Algorithmic Trading,Basic Decision making with Spreadsheet,,
PR030,J053,Engineering Graphics and Design,Internet of Things Analytics,,
PR174,J053,Department Elective I - Composite Materials,Department Elective IV - I. C. Engines,,
PR068,J053,Department Elective I - Advanced Manufacturing Processes,Design Experience I,,
PR116,J053,Circuit and Network Theory,Modern Control Systems,,
PR009,J053,Advanced Database Management Systems,Distributed Systems,,
PR055,J053,Computational Neuroscience,Department Elective III - Operations Research,,
PR085,J053,Cloud Computing,Database Security,,
